accuracy,macro-precision,macro-recall,macro-f1,weighted-f1
0.916953693073096,0.8878430244241938,0.8697412110727423,0.8770769327510108,0.9162339572604762
