accuracy,macro-precision,macro-recall,macro-f1,weighted-f1
0.9077688480673556,0.8697183267237217,0.8545386763165537,0.8609597504538863,0.9071298879496338
