accuracy,macro-precision,macro-recall,macro-f1,weighted-f1
0.6662839647914275,0.6122915503661981,0.6099736138431141,0.6001794067207215,0.664334823249251
