accuracy,macro-precision,macro-recall,macro-f1,weighted-f1
0.663222349789514,0.6162599266592204,0.6098301924957175,0.601706801131239,0.6618390264283776
