,artes,biologia,filosofia,fisica,geografia,historia,idiomas,literatura,matematica,portugues,quimica,sociologia,accuracy,macro avg,weighted avg
precision,0.775,0.9515151515151515,0.8827586206896552,0.8973384030418251,0.7428571428571429,0.9444444444444444,0.9285714285714286,0.8647058823529412,0.9197860962566845,0.7033898305084746,0.9353846153846154,0.35185185185185186,0.891271056661562,0.8248002889561845,0.8962941227264787
recall,0.7622950819672131,0.9495967741935484,0.920863309352518,0.9182879377431906,0.6419753086419753,0.8985200845665962,0.896551724137931,0.8802395209580839,0.9373297002724795,0.6859504132231405,0.9156626506024096,0.6785714285714286,0.891271056661562,0.8404869945192096,0.891271056661562
f1-score,0.768595041322314,0.9505549949545913,0.9014084507042254,0.9076923076923077,0.6887417218543046,0.9209100758396533,0.9122807017543859,0.8724035608308606,0.9284750337381916,0.694560669456067,0.9254185692541856,0.4634146341463415,0.891271056661562,0.8278713134622856,0.8929362188936383
support,122.0,496.0,139.0,257.0,81.0,473.0,29.0,167.0,367.0,121.0,332.0,28.0,0.891271056661562,2612.0,2612.0
