,artes,biologia,filosofia,fisica,geografia,historia,idiomas,literatura,matematica,portugues,quimica,sociologia,accuracy,macro avg,weighted avg
precision,0.8461538461538461,0.9430255402750491,0.8873239436619719,0.8860294117647058,0.8688524590163934,0.8781431334622823,0.9285714285714286,0.8,0.9588235294117647,0.7227722772277227,0.9361702127659575,0.7142857142857143,0.8962480857580398,0.8641792913830696,0.8952674343082947
recall,0.7213114754098361,0.967741935483871,0.9064748201438849,0.9377431906614786,0.654320987654321,0.959830866807611,0.896551724137931,0.9341317365269461,0.888283378746594,0.6033057851239669,0.927710843373494,0.35714285714285715,0.8962480857580398,0.8128791334343992,0.8962480857580398
f1-score,0.7787610619469026,0.9552238805970149,0.896797153024911,0.9111531190926276,0.7464788732394366,0.9171717171717172,0.9122807017543859,0.861878453038674,0.9222065063649222,0.6576576576576577,0.9319213313161876,0.47619047619047616,0.8962480857580398,0.8306434109495763,0.8932065401671794
support,122.0,496.0,139.0,257.0,81.0,473.0,29.0,167.0,367.0,121.0,332.0,28.0,0.8962480857580398,2612.0,2612.0
