,artes,biologia,filosofia,fisica,geografia,historia,idiomas,literatura,matematica,portugues,quimica,sociologia,accuracy,macro avg,weighted avg
precision,0.7652173913043478,0.8556910569105691,0.7962962962962963,0.8446215139442231,0.6896551724137931,0.8600405679513184,0.9310344827586207,0.7777777777777778,0.7727272727272727,0.5858585858585859,0.864516129032258,0.35714285714285715,0.8147013782542113,0.7583815920098268,0.8103298237172704
recall,0.7213114754098361,0.8487903225806451,0.9280575539568345,0.8249027237354085,0.49382716049382713,0.8964059196617337,0.9310344827586207,0.7964071856287425,0.8801089918256131,0.4793388429752066,0.8072289156626506,0.17857142857142858,0.8147013782542113,0.7321654169383788,0.8147013782542113
f1-score,0.7426160337552743,0.8522267206477733,0.8571428571428571,0.8346456692913385,0.5755395683453237,0.8778467908902692,0.9310344827586207,0.7869822485207101,0.8229299363057325,0.5272727272727272,0.8348909657320872,0.23809523809523808,0.8147013782542113,0.7401019365631626,0.8104450345536449
support,122.0,496.0,139.0,257.0,81.0,473.0,29.0,167.0,367.0,121.0,332.0,28.0,0.8147013782542113,2612.0,2612.0
