,artes,biologia,filosofia,fisica,geografia,historia,idiomas,literatura,matematica,portugues,quimica,sociologia,accuracy,macro avg,weighted avg
precision,0.8034188034188035,0.9495967741935484,0.8707482993197279,0.90625,0.726027397260274,0.941304347826087,0.8666666666666667,0.8370786516853933,0.91005291005291,0.7155963302752294,0.9331306990881459,0.41025641025641024,0.8924196018376723,0.8225106075035997,0.8934881879878699
recall,0.7704918032786885,0.9495967741935484,0.920863309352518,0.9027237354085603,0.654320987654321,0.9154334038054969,0.896551724137931,0.8922155688622755,0.9373297002724795,0.6446280991735537,0.9246987951807228,0.5714285714285714,0.8924196018376723,0.8316902060623889,0.8924196018376723
f1-score,0.7866108786610879,0.9495967741935484,0.8951048951048951,0.9044834307992202,0.6883116883116883,0.9281886387995713,0.8813559322033898,0.863768115942029,0.9234899328859061,0.6782608695652174,0.9288956127080181,0.47761194029850745,0.8924196018376723,0.8254732257894233,0.8924924456229834
support,122.0,496.0,139.0,257.0,81.0,473.0,29.0,167.0,367.0,121.0,332.0,28.0,0.8924196018376723,2612.0,2612.0
